Date,Model,Candidate,Probability
2024-08-20,Decision Desk HQ,Harris,0.53
2024-08-21,Decision Desk HQ,Harris,0.53
2024-08-22,Decision Desk HQ,Harris,0.53
2024-08-23,Decision Desk HQ,Harris,0.54
2024-08-24,Decision Desk HQ,Harris,0.54
2024-08-25,Decision Desk HQ,Harris,0.54
2024-08-26,Decision Desk HQ,Harris,0.55
2024-08-27,Decision Desk HQ,Harris,0.56
2024-08-28,Decision Desk HQ,Harris,0.56
2024-08-29,Decision Desk HQ,Harris,0.57
2024-08-30,Decision Desk HQ,Harris,0.56
2024-08-31,Decision Desk HQ,Harris,0.56
2024-09-01,Decision Desk HQ,Harris,0.56
2024-09-02,Decision Desk HQ,Harris,0.56
2024-09-03,Decision Desk HQ,Harris,0.56
2024-09-04,Decision Desk HQ,Harris,0.56
2024-09-05,Decision Desk HQ,Harris,0.55
2024-09-06,Decision Desk HQ,Harris,0.55
2024-09-07,Decision Desk HQ,Harris,0.55
2024-09-08,Decision Desk HQ,Harris,0.55
2024-09-09,Decision Desk HQ,Harris,0.54
2024-09-10,Decision Desk HQ,Harris,0.55
2024-09-11,Decision Desk HQ,Harris,0.54
2024-09-12,Decision Desk HQ,Harris,0.54
2024-09-13,Decision Desk HQ,Harris,0.54
2024-09-14,Decision Desk HQ,Harris,0.54
2024-09-15,Decision Desk HQ,Harris,0.55
2024-09-16,Decision Desk HQ,Harris,0.55
2024-09-17,Decision Desk HQ,Harris,0.54
2024-09-18,Decision Desk HQ,Harris,0.55
2024-09-19,Decision Desk HQ,Harris,0.55
2024-09-20,Decision Desk HQ,Harris,0.55
2024-09-21,Decision Desk HQ,Harris,0.55
2024-09-22,Decision Desk HQ,Harris,0.55
2024-09-23,Decision Desk HQ,Harris,0.55
2024-09-24,Decision Desk HQ,Harris,0.54
2024-09-25,Decision Desk HQ,Harris,0.55
2024-09-26,Decision Desk HQ,Harris,0.56
2024-09-27,Decision Desk HQ,Harris,0.56
2024-09-28,Decision Desk HQ,Harris,0.56
2024-09-29,Decision Desk HQ,Harris,0.55
2024-09-30,Decision Desk HQ,Harris,0.55
2024-10-01,Decision Desk HQ,Harris,0.55
2024-10-02,Decision Desk HQ,Harris,0.55
2024-10-03,Decision Desk HQ,Harris,0.55
2024-10-04,Decision Desk HQ,Harris,0.54
2024-10-05,Decision Desk HQ,Harris,0.54
2024-10-06,Decision Desk HQ,Harris,0.54
2024-10-07,Decision Desk HQ,Harris,0.53
2024-10-08,Decision Desk HQ,Harris,0.52
2024-08-20,Decision Desk HQ,Trump,0.47
2024-08-21,Decision Desk HQ,Trump,0.47
2024-08-22,Decision Desk HQ,Trump,0.47
2024-08-23,Decision Desk HQ,Trump,0.46
2024-08-24,Decision Desk HQ,Trump,0.46
2024-08-25,Decision Desk HQ,Trump,0.46
2024-08-26,Decision Desk HQ,Trump,0.45
2024-08-27,Decision Desk HQ,Trump,0.44
2024-08-28,Decision Desk HQ,Trump,0.44
2024-08-29,Decision Desk HQ,Trump,0.43
2024-08-30,Decision Desk HQ,Trump,0.44
2024-08-31,Decision Desk HQ,Trump,0.44
2024-09-01,Decision Desk HQ,Trump,0.44
2024-09-02,Decision Desk HQ,Trump,0.44
2024-09-03,Decision Desk HQ,Trump,0.44
2024-09-04,Decision Desk HQ,Trump,0.44
2024-09-05,Decision Desk HQ,Trump,0.45
2024-09-06,Decision Desk HQ,Trump,0.45
2024-09-07,Decision Desk HQ,Trump,0.45
2024-09-08,Decision Desk HQ,Trump,0.45
2024-09-09,Decision Desk HQ,Trump,0.46
2024-09-10,Decision Desk HQ,Trump,0.45
2024-09-11,Decision Desk HQ,Trump,0.46
2024-09-12,Decision Desk HQ,Trump,0.46
2024-09-13,Decision Desk HQ,Trump,0.46
2024-09-14,Decision Desk HQ,Trump,0.46
2024-09-15,Decision Desk HQ,Trump,0.45
2024-09-16,Decision Desk HQ,Trump,0.45
2024-09-17,Decision Desk HQ,Trump,0.45
2024-09-18,Decision Desk HQ,Trump,0.45
2024-09-19,Decision Desk HQ,Trump,0.45
2024-09-20,Decision Desk HQ,Trump,0.45
2024-09-21,Decision Desk HQ,Trump,0.45
2024-09-22,Decision Desk HQ,Trump,0.45
2024-09-23,Decision Desk HQ,Trump,0.45
2024-09-24,Decision Desk HQ,Trump,0.46
2024-09-25,Decision Desk HQ,Trump,0.45
2024-09-26,Decision Desk HQ,Trump,0.44
2024-09-27,Decision Desk HQ,Trump,0.44
2024-09-28,Decision Desk HQ,Trump,0.44
2024-09-29,Decision Desk HQ,Trump,0.45
2024-09-30,Decision Desk HQ,Trump,0.45
2024-10-01,Decision Desk HQ,Trump,0.45
2024-10-02,Decision Desk HQ,Trump,0.45
2024-10-03,Decision Desk HQ,Trump,0.45
2024-10-04,Decision Desk HQ,Trump,0.46
2024-10-05,Decision Desk HQ,Trump,0.46
2024-10-06,Decision Desk HQ,Trump,0.46
2024-10-07,Decision Desk HQ,Trump,0.47
2024-10-08,Decision Desk HQ,Trump,0.48
2024-08-01,TheEconomist,Harris,0.43
2024-08-02,TheEconomist,Harris,0.45
2024-08-03,TheEconomist,Harris,0.45
2024-08-04,TheEconomist,Harris,0.47
2024-08-05,TheEconomist,Harris,0.47
2024-08-06,TheEconomist,Harris,0.47
2024-08-07,TheEconomist,Harris,0.48
2024-08-08,TheEconomist,Harris,0.48
2024-08-09,TheEconomist,Harris,0.48
2024-08-10,TheEconomist,Harris,0.5
2024-08-11,TheEconomist,Harris,0.5
2024-08-12,TheEconomist,Harris,0.52
2024-08-13,TheEconomist,Harris,0.52
2024-08-14,TheEconomist,Harris,0.52
2024-08-15,TheEconomist,Harris,0.52
2024-08-16,TheEconomist,Harris,0.49
2024-08-17,TheEconomist,Harris,0.49
2024-08-18,TheEconomist,Harris,0.49
2024-08-19,TheEconomist,Harris,0.52
2024-08-20,TheEconomist,Harris,0.51
2024-08-21,TheEconomist,Harris,0.51
2024-08-22,TheEconomist,Harris,0.52
2024-08-23,TheEconomist,Harris,0.55
2024-08-24,TheEconomist,Harris,0.55
2024-08-25,TheEconomist,Harris,0.55
2024-08-26,TheEconomist,Harris,0.55
2024-08-27,TheEconomist,Harris,0.54
2024-08-28,TheEconomist,Harris,0.54
2024-08-29,TheEconomist,Harris,0.56
2024-08-30,TheEconomist,Harris,0.54
2024-08-31,TheEconomist,Harris,0.53
2024-09-01,TheEconomist,Harris,0.53
2024-09-02,TheEconomist,Harris,0.52
2024-09-03,TheEconomist,Harris,0.54
2024-09-04,TheEconomist,Harris,0.53
2024-09-05,TheEconomist,Harris,0.52
2024-09-06,TheEconomist,Harris,0.5
2024-09-07,TheEconomist,Harris,0.52
2024-09-08,TheEconomist,Harris,0.52
2024-09-09,TheEconomist,Harris,0.51
2024-09-10,TheEconomist,Harris,0.53
2024-09-11,TheEconomist,Harris,0.51
2024-09-12,TheEconomist,Harris,0.51
2024-09-13,TheEconomist,Harris,0.52
2024-09-14,TheEconomist,Harris,0.53
2024-09-15,TheEconomist,Harris,0.53
2024-09-16,TheEconomist,Harris,0.52
2024-09-17,TheEconomist,Harris,0.56
2024-09-18,TheEconomist,Harris,0.57
2024-09-19,TheEconomist,Harris,0.59
2024-09-20,TheEconomist,Harris,0.57
2024-09-21,TheEconomist,Harris,0.56
2024-09-22,TheEconomist,Harris,0.57
2024-09-23,TheEconomist,Harris,0.57
2024-09-24,TheEconomist,Harris,0.53
2024-09-25,TheEconomist,Harris,0.55
2024-09-26,TheEconomist,Harris,0.54
2024-09-27,TheEconomist,Harris,0.58
2024-09-28,TheEconomist,Harris,0.57
2024-09-29,TheEconomist,Harris,0.57
2024-09-30,TheEconomist,Harris,0.57
2024-10-01,TheEconomist,Harris,0.55
2024-10-02,TheEconomist,Harris,0.56
2024-10-03,TheEconomist,Harris,0.55
2024-10-04,TheEconomist,Harris,0.54
2024-10-05,TheEconomist,Harris,0.53
2024-10-06,TheEconomist,Harris,0.53
2024-10-07,TheEconomist,Harris,0.53
2024-10-08,TheEconomist,Harris,0.53
2024-10-09,TheEconomist,Harris,0.54
2024-10-10,TheEconomist,Harris,0.51
2024-08-01,TheEconomist,Trump,0.57
2024-08-02,TheEconomist,Trump,0.55
2024-08-03,TheEconomist,Trump,0.55
2024-08-04,TheEconomist,Trump,0.53
2024-08-05,TheEconomist,Trump,0.53
2024-08-06,TheEconomist,Trump,0.53
2024-08-07,TheEconomist,Trump,0.52
2024-08-08,TheEconomist,Trump,0.52
2024-08-09,TheEconomist,Trump,0.52
2024-08-10,TheEconomist,Trump,0.5
2024-08-11,TheEconomist,Trump,0.5
2024-08-12,TheEconomist,Trump,0.48
2024-08-13,TheEconomist,Trump,0.48
2024-08-14,TheEconomist,Trump,0.48
2024-08-15,TheEconomist,Trump,0.48
2024-08-16,TheEconomist,Trump,0.51
2024-08-17,TheEconomist,Trump,0.51
2024-08-18,TheEconomist,Trump,0.51
2024-08-19,TheEconomist,Trump,0.48
2024-08-20,TheEconomist,Trump,0.49
2024-08-21,TheEconomist,Trump,0.49
2024-08-22,TheEconomist,Trump,0.48
2024-08-23,TheEconomist,Trump,0.45
2024-08-24,TheEconomist,Trump,0.45
2024-08-25,TheEconomist,Trump,0.45
2024-08-26,TheEconomist,Trump,0.45
2024-08-27,TheEconomist,Trump,0.46
2024-08-28,TheEconomist,Trump,0.46
2024-08-29,TheEconomist,Trump,0.44
2024-08-30,TheEconomist,Trump,0.46
2024-08-31,TheEconomist,Trump,0.47
2024-09-01,TheEconomist,Trump,0.47
2024-09-02,TheEconomist,Trump,0.47
2024-09-03,TheEconomist,Trump,0.46
2024-09-04,TheEconomist,Trump,0.46
2024-09-05,TheEconomist,Trump,0.46
2024-09-06,TheEconomist,Trump,0.49
2024-09-07,TheEconomist,Trump,0.47
2024-09-08,TheEconomist,Trump,0.48
2024-09-09,TheEconomist,Trump,0.49
2024-09-10,TheEconomist,Trump,0.47
2024-09-11,TheEconomist,Trump,0.48
2024-09-12,TheEconomist,Trump,0.49
2024-09-13,TheEconomist,Trump,0.48
2024-09-14,TheEconomist,Trump,0.47
2024-09-15,TheEconomist,Trump,0.47
2024-09-16,TheEconomist,Trump,0.47
2024-09-17,TheEconomist,Trump,0.44
2024-09-18,TheEconomist,Trump,0.43
2024-09-19,TheEconomist,Trump,0.4
2024-09-20,TheEconomist,Trump,0.43
2024-09-21,TheEconomist,Trump,0.44
2024-09-22,TheEconomist,Trump,0.42
2024-09-23,TheEconomist,Trump,0.43
2024-09-24,TheEconomist,Trump,0.46
2024-09-25,TheEconomist,Trump,0.45
2024-09-26,TheEconomist,Trump,0.45
2024-09-27,TheEconomist,Trump,0.41
2024-09-28,TheEconomist,Trump,0.43
2024-09-29,TheEconomist,Trump,0.43
2024-09-30,TheEconomist,Trump,0.42
2024-10-01,TheEconomist,Trump,0.44
2024-10-02,TheEconomist,Trump,0.44
2024-10-03,TheEconomist,Trump,0.44
2024-10-04,TheEconomist,Trump,0.45
2024-10-05,TheEconomist,Trump,0.47
2024-10-06,TheEconomist,Trump,0.47
2024-10-07,TheEconomist,Trump,0.47
2024-10-08,TheEconomist,Trump,0.47
2024-10-09,TheEconomist,Trump,0.46
2024-10-10,TheEconomist,Trump,0.49
2024-08-01,Betting,Harris,0.45
2024-08-02,Betting,Harris,0.453
2024-08-03,Betting,Harris,0.456
2024-08-04,Betting,Harris,0.458
2024-08-05,Betting,Harris,0.456
2024-08-06,Betting,Harris,0.477
2024-08-07,Betting,Harris,0.493
2024-08-08,Betting,Harris,0.504
2024-08-09,Betting,Harris,0.506
2024-08-10,Betting,Harris,0.524
2024-08-11,Betting,Harris,0.521
2024-08-12,Betting,Harris,0.526
2024-08-13,Betting,Harris,0.524
2024-08-14,Betting,Harris,0.53
2024-08-15,Betting,Harris,0.537
2024-08-16,Betting,Harris,0.536
2024-08-17,Betting,Harris,0.523
2024-08-18,Betting,Harris,0.513
2024-08-19,Betting,Harris,0.519
2024-08-20,Betting,Harris,0.499
2024-08-21,Betting,Harris,0.483
2024-08-22,Betting,Harris,0.488
2024-08-23,Betting,Harris,0.49
2024-08-24,Betting,Harris,0.498
2024-08-25,Betting,Harris,0.502
2024-08-26,Betting,Harris,0.505
2024-08-27,Betting,Harris,0.503
2024-08-28,Betting,Harris,0.495
2024-08-29,Betting,Harris,0.492
2024-08-30,Betting,Harris,0.495
2024-08-31,Betting,Harris,0.493
2024-09-01,Betting,Harris,0.495
2024-09-02,Betting,Harris,0.494
2024-09-03,Betting,Harris,0.493
2024-09-04,Betting,Harris,0.493
2024-09-05,Betting,Harris,0.49
2024-09-06,Betting,Harris,0.48
2024-09-07,Betting,Harris,0.487
2024-09-08,Betting,Harris,0.47
2024-09-09,Betting,Harris,0.468
2024-09-10,Betting,Harris,0.499
2024-09-11,Betting,Harris,0.513
2024-09-12,Betting,Harris,0.515
2024-09-13,Betting,Harris,0.511
2024-09-14,Betting,Harris,0.513
2024-09-15,Betting,Harris,0.509
2024-09-16,Betting,Harris,0.51
2024-09-17,Betting,Harris,0.517
2024-09-18,Betting,Harris,0.527
2024-09-19,Betting,Harris,0.523
2024-09-20,Betting,Harris,0.523
2024-09-21,Betting,Harris,0.523
2024-09-22,Betting,Harris,0.529
2024-09-23,Betting,Harris,0.531
2024-09-24,Betting,Harris,0.521
2024-09-25,Betting,Harris,0.509
2024-09-26,Betting,Harris,0.504
2024-09-27,Betting,Harris,0.51
2024-09-28,Betting,Harris,0.506
2024-09-29,Betting,Harris,0.504
2024-09-30,Betting,Harris,0.511
2024-10-01,Betting,Harris,0.504
2024-10-02,Betting,Harris,0.497
2024-10-03,Betting,Harris,0.496
2024-10-04,Betting,Harris,0.496
2024-10-05,Betting,Harris,0.494
2024-10-06,Betting,Harris,0.493
2024-10-07,Betting,Harris,0.486
2024-10-08,Betting,Harris,0.477
2024-10-09,Betting,Harris,0.475
2024-08-01,Betting,Trump,0.51
2024-08-02,Betting,Trump,0.513
2024-08-03,Betting,Trump,0.518
2024-08-04,Betting,Trump,0.522
2024-08-05,Betting,Trump,0.529
2024-08-06,Betting,Trump,0.509
2024-08-07,Betting,Trump,0.496
2024-08-08,Betting,Trump,0.48
2024-08-09,Betting,Trump,0.481
2024-08-10,Betting,Trump,0.461
2024-08-11,Betting,Trump,0.463
2024-08-12,Betting,Trump,0.46
2024-08-13,Betting,Trump,0.461
2024-08-14,Betting,Trump,0.454
2024-08-15,Betting,Trump,0.449
2024-08-16,Betting,Trump,0.45
2024-08-17,Betting,Trump,0.463
2024-08-18,Betting,Trump,0.473
2024-08-19,Betting,Trump,0.466
2024-08-20,Betting,Trump,0.489
2024-08-21,Betting,Trump,0.503
2024-08-22,Betting,Trump,0.498
2024-08-23,Betting,Trump,0.49
2024-08-24,Betting,Trump,0.487
2024-08-25,Betting,Trump,0.485
2024-08-26,Betting,Trump,0.482
2024-08-27,Betting,Trump,0.482
2024-08-28,Betting,Trump,0.49
2024-08-29,Betting,Trump,0.492
2024-08-30,Betting,Trump,0.49
2024-08-31,Betting,Trump,0.493
2024-09-01,Betting,Trump,0.493
2024-09-02,Betting,Trump,0.494
2024-09-03,Betting,Trump,0.495
2024-09-04,Betting,Trump,0.493
2024-09-05,Betting,Trump,0.497
2024-09-06,Betting,Trump,0.51
2024-09-07,Betting,Trump,0.498
2024-09-08,Betting,Trump,0.515
2024-09-09,Betting,Trump,0.517
2024-09-10,Betting,Trump,0.485
2024-09-11,Betting,Trump,0.47
2024-09-12,Betting,Trump,0.474
2024-09-13,Betting,Trump,0.476
2024-09-14,Betting,Trump,0.474
2024-09-15,Betting,Trump,0.474
2024-09-16,Betting,Trump,0.477
2024-09-17,Betting,Trump,0.469
2024-09-18,Betting,Trump,0.457
2024-09-19,Betting,Trump,0.466
2024-09-20,Betting,Trump,0.463
2024-09-21,Betting,Trump,0.461
2024-09-22,Betting,Trump,0.456
2024-09-23,Betting,Trump,0.454
2024-09-24,Betting,Trump,0.464
2024-09-25,Betting,Trump,0.474
2024-09-26,Betting,Trump,0.481
2024-09-27,Betting,Trump,0.477
2024-09-28,Betting,Trump,0.48
2024-09-29,Betting,Trump,0.481
2024-09-30,Betting,Trump,0.476
2024-10-01,Betting,Trump,0.479
2024-10-02,Betting,Trump,0.489
2024-10-03,Betting,Trump,0.49
2024-10-04,Betting,Trump,0.49
2024-10-05,Betting,Trump,0.493
2024-10-06,Betting,Trump,0.501
2024-10-07,Betting,Trump,0.511
2024-10-08,Betting,Trump,0.509
2024-10-09,Betting,Trump,0.513
2024-07-29,SilverBulletin,Harris,0.371724993
2024-07-30,SilverBulletin,Harris,0.381375015
2024-07-31,SilverBulletin,Harris,0.425325006
2024-08-01,SilverBulletin,Harris,0.445600003
2024-08-02,SilverBulletin,Harris,0.46557501
2024-08-03,SilverBulletin,Harris,0.480300009
2024-08-04,SilverBulletin,Harris,0.505424976
2024-08-05,SilverBulletin,Harris,0.530300021
2024-08-06,SilverBulletin,Harris,0.52412498
2024-08-07,SilverBulletin,Harris,0.528225005
2024-08-08,SilverBulletin,Harris,0.531599998
2024-08-09,SilverBulletin,Harris,0.53807497
2024-08-10,SilverBulletin,Harris,0.536175013
2024-08-11,SilverBulletin,Harris,0.53442502
2024-08-12,SilverBulletin,Harris,0.548150003
2024-08-13,SilverBulletin,Harris,0.560374975
2024-08-14,SilverBulletin,Harris,0.56704998
2024-08-15,SilverBulletin,Harris,0.556625009
2024-08-16,SilverBulletin,Harris,0.542100012
2024-08-17,SilverBulletin,Harris,0.537599981
2024-08-18,SilverBulletin,Harris,0.535274982
2024-08-19,SilverBulletin,Harris,0.536175013
2024-08-20,SilverBulletin,Harris,0.537124991
2024-08-21,SilverBulletin,Harris,0.527350008
2024-08-22,SilverBulletin,Harris,0.527800024
2024-08-23,SilverBulletin,Harris,0.534974992
2024-08-24,SilverBulletin,Harris,0.531799972
2024-08-25,SilverBulletin,Harris,0.524399996
2024-08-26,SilverBulletin,Harris,0.52502501
2024-08-27,SilverBulletin,Harris,0.514524996
2024-08-28,SilverBulletin,Harris,0.505375028
2024-08-29,SilverBulletin,Harris,0.473450005
2024-08-30,SilverBulletin,Harris,0.465925008
2024-08-31,SilverBulletin,Harris,0.446175009
2024-09-01,SilverBulletin,Harris,0.439850003
2024-09-02,SilverBulletin,Harris,0.434133291
2024-09-03,SilverBulletin,Harris,0.430325001
2024-09-04,SilverBulletin,Harris,0.415850013
2024-09-05,SilverBulletin,Harris,0.396800011
2024-09-06,SilverBulletin,Harris,0.383024991
2024-09-07,SilverBulletin,Harris,0.371300012
2024-09-08,SilverBulletin,Harris,0.359575003
2024-09-09,SilverBulletin,Harris,0.353300005
2024-09-10,SilverBulletin,Harris,0.384074986
2024-09-11,SilverBulletin,Harris,0.380699992
2024-09-12,SilverBulletin,Harris,0.391750008
2024-09-13,SilverBulletin,Harris,0.386599988
2024-09-14,SilverBulletin,Harris,0.39655
2024-09-15,SilverBulletin,Harris,0.400875002
2024-09-16,SilverBulletin,Harris,0.399825007
2024-09-17,SilverBulletin,Harris,0.434500009
2024-09-18,SilverBulletin,Harris,0.476424992
2024-09-19,SilverBulletin,Harris,0.487574995
2024-09-20,SilverBulletin,Harris,0.511475027
2024-09-21,SilverBulletin,Harris,0.525725007
2024-09-22,SilverBulletin,Harris,0.536849976
2024-09-23,SilverBulletin,Harris,0.532100022
2024-09-24,SilverBulletin,Harris,0.54095
2024-09-25,SilverBulletin,Harris,0.551800013
2024-09-26,SilverBulletin,Harris,0.551225007
2024-09-27,SilverBulletin,Harris,0.580924988
2024-09-28,SilverBulletin,Harris,0.573050022
2024-09-29,SilverBulletin,Harris,0.563257217
2024-09-30,SilverBulletin,Harris,0.550625026
2024-10-01,SilverBulletin,Harris,0.555225015
2024-10-02,SilverBulletin,Harris,0.565424979
2024-10-03,SilverBulletin,Harris,0.566999972
2024-10-04,SilverBulletin,Harris,0.561775029
2024-10-05,SilverBulletin,Harris,0.561325014
2024-10-06,SilverBulletin,Harris,0.562650025
2024-10-07,SilverBulletin,Harris,0.547049999
2024-10-08,SilverBulletin,Harris,0.549
2024-10-09,SilverBulletin,Harris,0.535
2024-10-10,SilverBulletin,Harris,0.526
2024-07-29,SilverBulletin,Trump,0.622574985
2024-07-30,SilverBulletin,Trump,0.613449991
2024-07-31,SilverBulletin,Trump,0.569050014
2024-08-01,SilverBulletin,Trump,0.549199998
2024-08-02,SilverBulletin,Trump,0.528249979
2024-08-03,SilverBulletin,Trump,0.512899995
2024-08-04,SilverBulletin,Trump,0.488124996
2024-08-05,SilverBulletin,Trump,0.46360001
2024-08-06,SilverBulletin,Trump,0.469675004
2024-08-07,SilverBulletin,Trump,0.466125011
2024-08-08,SilverBulletin,Trump,0.462049991
2024-08-09,SilverBulletin,Trump,0.457275003
2024-08-10,SilverBulletin,Trump,0.459275007
2024-08-11,SilverBulletin,Trump,0.460575014
2024-08-12,SilverBulletin,Trump,0.4472
2024-08-13,SilverBulletin,Trump,0.434599996
2024-08-14,SilverBulletin,Trump,0.427249998
2024-08-15,SilverBulletin,Trump,0.437550008
2024-08-16,SilverBulletin,Trump,0.452225
2024-08-17,SilverBulletin,Trump,0.457275003
2024-08-18,SilverBulletin,Trump,0.459199995
2024-08-19,SilverBulletin,Trump,0.457325011
2024-08-20,SilverBulletin,Trump,0.459075004
2024-08-21,SilverBulletin,Trump,0.468724996
2024-08-22,SilverBulletin,Trump,0.468524992
2024-08-23,SilverBulletin,Trump,0.460999995
2024-08-24,SilverBulletin,Trump,0.465700001
2024-08-25,SilverBulletin,Trump,0.473174989
2024-08-26,SilverBulletin,Trump,0.4722
2024-08-27,SilverBulletin,Trump,0.4827
2024-08-28,SilverBulletin,Trump,0.4917
2024-08-29,SilverBulletin,Trump,0.5238
2024-08-30,SilverBulletin,Trump,0.531
2024-08-31,SilverBulletin,Trump,0.55112
2024-09-01,SilverBulletin,Trump,0.557550013
2024-09-02,SilverBulletin,Trump,0.563266695
2024-09-03,SilverBulletin,Trump,0.56674999
2024-09-04,SilverBulletin,Trump,0.581525028
2024-09-05,SilverBulletin,Trump,0.600624979
2024-09-06,SilverBulletin,Trump,0.614724994
2024-09-07,SilverBulletin,Trump,0.626524985
2024-09-08,SilverBulletin,Trump,0.63805002
2024-09-09,SilverBulletin,Trump,0.644424975
2024-09-10,SilverBulletin,Trump,0.61285001
2024-09-11,SilverBulletin,Trump,0.615800023
2024-09-12,SilverBulletin,Trump,0.605499983
2024-09-13,SilverBulletin,Trump,0.610125005
2024-09-14,SilverBulletin,Trump,0.600525022
2024-09-15,SilverBulletin,Trump,0.596475005
2024-09-16,SilverBulletin,Trump,0.596825004
2024-09-17,SilverBulletin,Trump,0.562349975
2024-09-18,SilverBulletin,Trump,0.520399988
2024-09-19,SilverBulletin,Trump,0.51017499
2024-09-20,SilverBulletin,Trump,0.485774994
2024-09-21,SilverBulletin,Trump,0.471949995
2024-09-22,SilverBulletin,Trump,0.460325003
2024-09-23,SilverBulletin,Trump,0.465525001
2024-09-24,SilverBulletin,Trump,0.456999987
2024-09-25,SilverBulletin,Trump,0.44600001
2024-09-26,SilverBulletin,Trump,0.446424991
2024-09-27,SilverBulletin,Trump,0.417075008
2024-09-28,SilverBulletin,Trump,0.424825013
2024-09-29,SilverBulletin,Trump,0.434657186
2024-09-30,SilverBulletin,Trump,0.446624994
2024-10-01,SilverBulletin,Trump,0.442575008
2024-10-02,SilverBulletin,Trump,0.432725012
2024-10-03,SilverBulletin,Trump,0.430649996
2024-10-04,SilverBulletin,Trump,0.43599999
2024-10-05,SilverBulletin,Trump,0.436399996
2024-10-06,SilverBulletin,Trump,0.434774995
2024-10-07,SilverBulletin,Trump,0.450075001
2024-10-08,SilverBulletin,Trump,0.449
2024-10-09,SilverBulletin,Trump,0.462
2024-10-10,SilverBulletin,Trump,0.472
2024-07-26,FiveThirtyEight,Harris,0.4676
2024-07-26,FiveThirtyEight,Trump,0.5324
2024-07-27,FiveThirtyEight,Harris,0.4643
2024-07-27,FiveThirtyEight,Trump,0.5357000000000001
2024-07-28,FiveThirtyEight,Harris,0.4657
2024-07-28,FiveThirtyEight,Trump,0.5343
2024-07-29,FiveThirtyEight,Harris,0.4589
2024-07-29,FiveThirtyEight,Trump,0.5411
2024-07-30,FiveThirtyEight,Harris,0.4851
2024-07-30,FiveThirtyEight,Trump,0.5149
2024-07-31,FiveThirtyEight,Harris,0.4733
2024-07-31,FiveThirtyEight,Trump,0.5267
2024-08-01,FiveThirtyEight,Harris,0.4732
2024-08-01,FiveThirtyEight,Trump,0.5267999999999999
2024-08-02,FiveThirtyEight,Harris,0.4835
2024-08-02,FiveThirtyEight,Trump,0.5165
2024-08-03,FiveThirtyEight,Harris,0.4837
2024-08-03,FiveThirtyEight,Trump,0.5163
2024-08-04,FiveThirtyEight,Harris,0.4865
2024-08-04,FiveThirtyEight,Trump,0.5135000000000001
2024-08-05,FiveThirtyEight,Harris,0.4952
2024-08-05,FiveThirtyEight,Trump,0.5048
2024-08-06,FiveThirtyEight,Harris,0.4884
2024-08-06,FiveThirtyEight,Trump,0.5116
2024-08-07,FiveThirtyEight,Harris,0.4942
2024-08-07,FiveThirtyEight,Trump,0.5058
2024-08-08,FiveThirtyEight,Harris,0.514
2024-08-08,FiveThirtyEight,Trump,0.486
2024-08-09,FiveThirtyEight,Harris,0.5202
2024-08-09,FiveThirtyEight,Trump,0.4798
2024-08-10,FiveThirtyEight,Harris,0.5225
2024-08-10,FiveThirtyEight,Trump,0.47750000000000004
2024-08-11,FiveThirtyEight,Harris,0.5279
2024-08-11,FiveThirtyEight,Trump,0.47209999999999996
2024-08-12,FiveThirtyEight,Harris,0.5504
2024-08-12,FiveThirtyEight,Trump,0.4496
2024-08-13,FiveThirtyEight,Harris,0.5467
2024-08-13,FiveThirtyEight,Trump,0.45330000000000004
2024-08-14,FiveThirtyEight,Harris,0.5524
2024-08-14,FiveThirtyEight,Trump,0.4476
2024-08-15,FiveThirtyEight,Harris,0.5558
2024-08-15,FiveThirtyEight,Trump,0.44420000000000004
2024-08-16,FiveThirtyEight,Harris,0.5405
2024-08-16,FiveThirtyEight,Trump,0.4595
2024-08-17,FiveThirtyEight,Harris,0.5353
2024-08-17,FiveThirtyEight,Trump,0.4647
2024-08-18,FiveThirtyEight,Harris,0.5418
2024-08-18,FiveThirtyEight,Trump,0.45820000000000005
2024-08-19,FiveThirtyEight,Harris,0.5556
2024-08-19,FiveThirtyEight,Trump,0.4444
2024-08-20,FiveThirtyEight,Harris,0.5562
2024-08-20,FiveThirtyEight,Trump,0.4438
2024-08-21,FiveThirtyEight,Harris,0.5793
2024-08-21,FiveThirtyEight,Trump,0.42069999999999996
2024-08-22,FiveThirtyEight,Harris,0.5835
2024-08-22,FiveThirtyEight,Trump,0.4165
2024-08-23,FiveThirtyEight,Harris,0.582
2024-08-23,FiveThirtyEight,Trump,0.41800000000000004
2024-08-24,FiveThirtyEight,Harris,0.5867
2024-08-24,FiveThirtyEight,Trump,0.4133
2024-08-25,FiveThirtyEight,Harris,0.6001
2024-08-25,FiveThirtyEight,Trump,0.39990000000000003
2024-08-26,FiveThirtyEight,Harris,0.5952
2024-08-26,FiveThirtyEight,Trump,0.40480000000000005
2024-08-27,FiveThirtyEight,Harris,0.586
2024-08-27,FiveThirtyEight,Trump,0.41400000000000003
2024-08-28,FiveThirtyEight,Harris,0.5938
2024-08-28,FiveThirtyEight,Trump,0.4062
2024-08-29,FiveThirtyEight,Harris,0.582
2024-08-29,FiveThirtyEight,Trump,0.41800000000000004
2024-08-30,FiveThirtyEight,Harris,0.5562
2024-08-30,FiveThirtyEight,Trump,0.4438
2024-08-31,FiveThirtyEight,Harris,0.5651
2024-08-31,FiveThirtyEight,Trump,0.43489999999999995
2024-09-01,FiveThirtyEight,Harris,0.5486
2024-09-01,FiveThirtyEight,Trump,0.4514
2024-09-02,FiveThirtyEight,Harris,0.5665
2024-09-02,FiveThirtyEight,Trump,0.4335
2024-09-03,FiveThirtyEight,Harris,0.5598
2024-09-03,FiveThirtyEight,Trump,0.44020000000000004
2024-09-04,FiveThirtyEight,Harris,0.5543
2024-09-04,FiveThirtyEight,Trump,0.4457
2024-09-05,FiveThirtyEight,Harris,0.5713
2024-09-05,FiveThirtyEight,Trump,0.42869999999999997
2024-09-06,FiveThirtyEight,Harris,0.5546
2024-09-06,FiveThirtyEight,Trump,0.4454
2024-09-07,FiveThirtyEight,Harris,0.5491
2024-09-07,FiveThirtyEight,Trump,0.45089999999999997
2024-09-08,FiveThirtyEight,Harris,0.5332
2024-09-08,FiveThirtyEight,Trump,0.4668
2024-09-09,FiveThirtyEight,Harris,0.5504
2024-09-09,FiveThirtyEight,Trump,0.4496
2024-09-10,FiveThirtyEight,Harris,0.5457
2024-09-10,FiveThirtyEight,Trump,0.45430000000000004
2024-09-11,FiveThirtyEight,Harris,0.5427
2024-09-11,FiveThirtyEight,Trump,0.45730000000000004
2024-09-12,FiveThirtyEight,Harris,0.5456
2024-09-12,FiveThirtyEight,Trump,0.4544
2024-09-13,FiveThirtyEight,Harris,0.5936
2024-09-13,FiveThirtyEight,Trump,0.4064
2024-09-14,FiveThirtyEight,Harris,0.5819
2024-09-14,FiveThirtyEight,Trump,0.4181
2024-09-15,FiveThirtyEight,Harris,0.5954
2024-09-15,FiveThirtyEight,Trump,0.40459999999999996
2024-09-16,FiveThirtyEight,Harris,0.61
2024-09-16,FiveThirtyEight,Trump,0.39
2024-09-17,FiveThirtyEight,Harris,0.6165
2024-09-17,FiveThirtyEight,Trump,0.38349999999999995
2024-09-18,FiveThirtyEight,Harris,0.6408
2024-09-18,FiveThirtyEight,Trump,0.35919999999999996
2024-09-19,FiveThirtyEight,Harris,0.6009
2024-09-19,FiveThirtyEight,Trump,0.3991
2024-09-20,FiveThirtyEight,Harris,0.6
2024-09-20,FiveThirtyEight,Trump,0.4
2024-09-21,FiveThirtyEight,Harris,0.6009
2024-09-21,FiveThirtyEight,Trump,0.3991
2024-09-22,FiveThirtyEight,Harris,0.6159
2024-09-22,FiveThirtyEight,Trump,0.3841
2024-09-23,FiveThirtyEight,Harris,0.5734
2024-09-23,FiveThirtyEight,Trump,0.4266
2024-09-24,FiveThirtyEight,Harris,0.5455
2024-09-24,FiveThirtyEight,Trump,0.4545
2024-09-25,FiveThirtyEight,Harris,0.5546
2024-09-25,FiveThirtyEight,Trump,0.4454
2024-09-26,FiveThirtyEight,Harris,0.5859
2024-09-26,FiveThirtyEight,Trump,0.4141
2024-09-27,FiveThirtyEight,Harris,0.5684
2024-09-27,FiveThirtyEight,Trump,0.4316
2024-09-28,FiveThirtyEight,Harris,0.5793
2024-09-28,FiveThirtyEight,Trump,0.42069999999999996
2024-09-29,FiveThirtyEight,Harris,0.5879
2024-09-29,FiveThirtyEight,Trump,0.4121
2024-09-30,FiveThirtyEight,Harris,0.5681
2024-09-30,FiveThirtyEight,Trump,0.43189999999999995
2024-10-01,FiveThirtyEight,Harris,0.5496
2024-10-01,FiveThirtyEight,Trump,0.4504
2024-10-02,FiveThirtyEight,Harris,0.5769
2024-10-02,FiveThirtyEight,Trump,0.42310000000000003
2024-10-03,FiveThirtyEight,Harris,0.5602
2024-10-03,FiveThirtyEight,Trump,0.43979999999999997
2024-10-04,FiveThirtyEight,Harris,0.5424
2024-10-04,FiveThirtyEight,Trump,0.4576
2024-10-05,FiveThirtyEight,Harris,0.5453
2024-10-05,FiveThirtyEight,Trump,0.4547
2024-10-06,FiveThirtyEight,Harris,0.5477
2024-10-06,FiveThirtyEight,Trump,0.45230000000000004
2024-10-07,FiveThirtyEight,Harris,0.553
2024-10-07,FiveThirtyEight,Trump,0.44699999999999995
2024-10-08,FiveThirtyEight,Harris,0.5343
2024-10-08,FiveThirtyEight,Trump,0.4657
2024-10-09,FiveThirtyEight,Harris,0.5219
2024-10-09,FiveThirtyEight,Trump,0.47809999999999997
2024-10-10,FiveThirtyEight,Harris,0.5496
2024-10-10,FiveThirtyEight,Trump,0.4504
2024-05-01,DataDiary,Harris,0.21599999999999925
2024-05-01,DataDiary,Trump,0.7840000000000007
2024-05-02,DataDiary,Harris,0.21639999999999987
2024-05-02,DataDiary,Trump,0.7836000000000001
2024-05-03,DataDiary,Harris,0.2115999999999996
2024-05-03,DataDiary,Trump,0.7884000000000004
2024-05-04,DataDiary,Harris,0.20730000000000037
2024-05-04,DataDiary,Trump,0.7926999999999996
2024-05-05,DataDiary,Harris,0.2065000000000004
2024-05-05,DataDiary,Trump,0.7934999999999997
2024-05-06,DataDiary,Harris,0.20910000000000015
2024-05-06,DataDiary,Trump,0.7908999999999998
2024-05-07,DataDiary,Harris,0.20929999999999985
2024-05-07,DataDiary,Trump,0.7907000000000002
2024-05-08,DataDiary,Harris,0.2000000000000003
2024-05-08,DataDiary,Trump,0.7999999999999997
2024-05-09,DataDiary,Harris,0.1947999999999995
2024-05-09,DataDiary,Trump,0.8052000000000005
2024-05-10,DataDiary,Harris,0.19520000000000015
2024-05-10,DataDiary,Trump,0.8047999999999998
2024-05-11,DataDiary,Harris,0.1994999999999996
2024-05-11,DataDiary,Trump,0.8005000000000004
2024-05-12,DataDiary,Harris,0.19479999999999972
2024-05-12,DataDiary,Trump,0.8052000000000002
2024-05-13,DataDiary,Harris,0.1993000000000001
2024-05-13,DataDiary,Trump,0.8007
2024-05-14,DataDiary,Harris,0.1927000000000005
2024-05-14,DataDiary,Trump,0.8072999999999995
2024-05-15,DataDiary,Harris,0.19700000000000065
2024-05-15,DataDiary,Trump,0.8029999999999994
2024-05-16,DataDiary,Harris,0.1989000000000007
2024-05-16,DataDiary,Trump,0.8010999999999993
2024-05-17,DataDiary,Harris,0.19119999999999995
2024-05-17,DataDiary,Trump,0.8088000000000001
2024-05-18,DataDiary,Harris,0.19629999999999945
2024-05-18,DataDiary,Trump,0.8037000000000005
2024-05-19,DataDiary,Harris,0.18579999999999963
2024-05-19,DataDiary,Trump,0.8142000000000004
2024-05-20,DataDiary,Harris,0.18249999999999997
2024-05-20,DataDiary,Trump,0.8175
2024-05-21,DataDiary,Harris,0.18179999999999996
2024-05-21,DataDiary,Trump,0.8182
2024-05-22,DataDiary,Harris,0.14810000000000018
2024-05-22,DataDiary,Trump,0.8518999999999999
2024-05-23,DataDiary,Harris,0.1503999999999999
2024-05-23,DataDiary,Trump,0.8496000000000001
2024-05-24,DataDiary,Harris,0.1400999999999998
2024-05-24,DataDiary,Trump,0.8599000000000002
2024-05-25,DataDiary,Harris,0.14389999999999994
2024-05-25,DataDiary,Trump,0.8561000000000001
2024-05-26,DataDiary,Harris,0.1474999999999995
2024-05-26,DataDiary,Trump,0.8525000000000005
2024-05-27,DataDiary,Harris,0.1403000000000001
2024-05-27,DataDiary,Trump,0.8596999999999999
2024-05-28,DataDiary,Harris,0.13570000000000004
2024-05-28,DataDiary,Trump,0.8643
2024-05-29,DataDiary,Harris,0.1274000000000001
2024-05-29,DataDiary,Trump,0.8725999999999999
2024-05-30,DataDiary,Harris,0.13629999999999995
2024-05-30,DataDiary,Trump,0.8637
2024-05-31,DataDiary,Harris,0.1398999999999997
2024-05-31,DataDiary,Trump,0.8601000000000003
2024-06-01,DataDiary,Harris,0.13699999999999962
2024-06-01,DataDiary,Trump,0.8630000000000004
2024-06-02,DataDiary,Harris,0.13910000000000064
2024-06-02,DataDiary,Trump,0.8608999999999993
2024-06-03,DataDiary,Harris,0.13339999999999963
2024-06-03,DataDiary,Trump,0.8666000000000004
2024-06-04,DataDiary,Harris,0.1345999999999999
2024-06-04,DataDiary,Trump,0.8654000000000002
2024-06-05,DataDiary,Harris,0.13349999999999956
2024-06-05,DataDiary,Trump,0.8665000000000005
2024-06-06,DataDiary,Harris,0.12609999999999996
2024-06-06,DataDiary,Trump,0.8739
2024-06-07,DataDiary,Harris,0.12350000000000004
2024-06-07,DataDiary,Trump,0.8765
2024-06-08,DataDiary,Harris,0.1245
2024-06-08,DataDiary,Trump,0.8755
2024-06-09,DataDiary,Harris,0.12130000000000006
2024-06-09,DataDiary,Trump,0.8786999999999999
2024-06-10,DataDiary,Harris,0.11709999999999968
2024-06-10,DataDiary,Trump,0.8829000000000004
2024-06-11,DataDiary,Harris,0.12139999999999976
2024-06-11,DataDiary,Trump,0.8786000000000003
2024-06-12,DataDiary,Harris,0.11920000000000044
2024-06-12,DataDiary,Trump,0.8807999999999996
2024-06-13,DataDiary,Harris,0.11760000000000012
2024-06-13,DataDiary,Trump,0.8823999999999999
2024-06-14,DataDiary,Harris,0.11450000000000032
2024-06-14,DataDiary,Trump,0.8854999999999997
2024-06-15,DataDiary,Harris,0.11810000000000016
2024-06-15,DataDiary,Trump,0.8818999999999998
2024-06-16,DataDiary,Harris,0.11630000000000004
2024-06-16,DataDiary,Trump,0.8836999999999999
2024-06-17,DataDiary,Harris,0.1124999999999996
2024-06-17,DataDiary,Trump,0.8875000000000004
2024-06-18,DataDiary,Harris,0.1225
2024-06-18,DataDiary,Trump,0.8775
2024-06-19,DataDiary,Harris,0.1209000000000004
2024-06-19,DataDiary,Trump,0.8790999999999995
2024-06-20,DataDiary,Harris,0.1186999999999998
2024-06-20,DataDiary,Trump,0.8813000000000002
2024-06-21,DataDiary,Harris,0.12009999999999964
2024-06-21,DataDiary,Trump,0.8799000000000003
2024-06-22,DataDiary,Harris,0.1263
2024-06-22,DataDiary,Trump,0.8737
2024-06-23,DataDiary,Harris,0.12609999999999946
2024-06-23,DataDiary,Trump,0.8739000000000006
2024-06-24,DataDiary,Harris,0.12909999999999985
2024-06-24,DataDiary,Trump,0.8709000000000001
2024-06-25,DataDiary,Harris,0.1253000000000002
2024-06-25,DataDiary,Trump,0.8746999999999998
2024-06-26,DataDiary,Harris,0.1159000000000001
2024-06-26,DataDiary,Trump,0.8840999999999999
2024-06-27,DataDiary,Harris,0.1065999999999998
2024-06-27,DataDiary,Trump,0.8934000000000002
2024-06-28,DataDiary,Harris,0.10959999999999968
2024-06-28,DataDiary,Trump,0.8904000000000003
2024-06-29,DataDiary,Harris,0.11369999999999954
2024-06-29,DataDiary,Trump,0.8863000000000004
2024-06-30,DataDiary,Harris,0.10989999999999982
2024-06-30,DataDiary,Trump,0.8901000000000002
2024-07-01,DataDiary,Harris,0.11679999999999964
2024-07-01,DataDiary,Trump,0.8832000000000003
2024-07-02,DataDiary,Harris,0.12039999999999997
2024-07-02,DataDiary,Trump,0.8796
2024-07-03,DataDiary,Harris,0.11940000000000048
2024-07-03,DataDiary,Trump,0.8805999999999995
2024-07-04,DataDiary,Harris,0.1162000000000004
2024-07-04,DataDiary,Trump,0.8837999999999996
2024-07-05,DataDiary,Harris,0.1259999999999997
2024-07-05,DataDiary,Trump,0.8740000000000003
2024-07-06,DataDiary,Harris,0.10819999999999994
2024-07-06,DataDiary,Trump,0.8918
2024-07-07,DataDiary,Harris,0.1011999999999999
2024-07-07,DataDiary,Trump,0.8988
2024-07-08,DataDiary,Harris,0.10070000000000016
2024-07-08,DataDiary,Trump,0.8992999999999999
2024-07-09,DataDiary,Harris,0.10750000000000004
2024-07-09,DataDiary,Trump,0.8925
2024-07-10,DataDiary,Harris,0.10789999999999986
2024-07-10,DataDiary,Trump,0.8921000000000001
2024-07-11,DataDiary,Harris,0.10769999999999937
2024-07-11,DataDiary,Trump,0.8923000000000006
2024-07-12,DataDiary,Harris,0.11729999999999983
2024-07-12,DataDiary,Trump,0.8827000000000002
2024-07-13,DataDiary,Harris,0.1211999999999999
2024-07-13,DataDiary,Trump,0.8788000000000001
2024-07-14,DataDiary,Harris,0.12729999999999975
2024-07-14,DataDiary,Trump,0.8727000000000003
2024-07-15,DataDiary,Harris,0.1352999999999996
2024-07-15,DataDiary,Trump,0.8647000000000005
2024-07-16,DataDiary,Harris,0.1259000000000001
2024-07-16,DataDiary,Trump,0.8740999999999999
2024-07-17,DataDiary,Harris,0.12120000000000004
2024-07-17,DataDiary,Trump,0.8787999999999999
2024-07-18,DataDiary,Harris,0.11319999999999984
2024-07-18,DataDiary,Trump,0.8868000000000001
2024-07-19,DataDiary,Harris,0.1121999999999997
2024-07-19,DataDiary,Trump,0.8878000000000003
2024-07-20,DataDiary,Harris,0.11019999999999992
2024-07-20,DataDiary,Trump,0.8898
2024-07-21,DataDiary,Harris,0.10739999999999993
2024-07-21,DataDiary,Trump,0.8926000000000001
2024-07-22,DataDiary,Harris,0.10219999999999972
2024-07-22,DataDiary,Trump,0.8978000000000003
2024-07-23,DataDiary,Harris,0.1431999999999998
2024-07-23,DataDiary,Trump,0.8568000000000002
2024-07-24,DataDiary,Harris,0.19620000000000015
2024-07-24,DataDiary,Trump,0.8037999999999998
2024-07-25,DataDiary,Harris,0.28899999999999965
2024-07-25,DataDiary,Trump,0.7110000000000003
2024-07-26,DataDiary,Harris,0.3105999999999996
2024-07-26,DataDiary,Trump,0.6894000000000005
2024-07-27,DataDiary,Harris,0.3033999999999995
2024-07-27,DataDiary,Trump,0.6966000000000006
2024-07-28,DataDiary,Harris,0.3032999999999999
2024-07-28,DataDiary,Trump,0.6967000000000001
2024-07-29,DataDiary,Harris,0.3067999999999999
2024-07-29,DataDiary,Trump,0.6932
2024-07-30,DataDiary,Harris,0.3403000000000007
2024-07-30,DataDiary,Trump,0.6596999999999993
2024-07-31,DataDiary,Harris,0.34569999999999956
2024-07-31,DataDiary,Trump,0.6543000000000004
2024-08-01,DataDiary,Harris,0.3486000000000011
2024-08-01,DataDiary,Trump,0.6513999999999989
2024-08-02,DataDiary,Harris,0.34030000000000055
2024-08-02,DataDiary,Trump,0.6596999999999995
2024-08-03,DataDiary,Harris,0.35239999999999944
2024-08-03,DataDiary,Trump,0.6476000000000006
2024-08-04,DataDiary,Harris,0.35509999999999986
2024-08-04,DataDiary,Trump,0.6449000000000001
2024-08-05,DataDiary,Harris,0.3559999999999996
2024-08-05,DataDiary,Trump,0.6440000000000003
2024-08-06,DataDiary,Harris,0.3891999999999997
2024-08-06,DataDiary,Trump,0.6108000000000002
2024-08-07,DataDiary,Harris,0.3723000000000005
2024-08-07,DataDiary,Trump,0.6276999999999995
2024-08-08,DataDiary,Harris,0.37690000000000057
2024-08-08,DataDiary,Trump,0.6230999999999994
2024-08-09,DataDiary,Harris,0.3739000000000001
2024-08-09,DataDiary,Trump,0.6260999999999999
2024-08-10,DataDiary,Harris,0.3711000000000008
2024-08-10,DataDiary,Trump,0.6288999999999991
2024-08-11,DataDiary,Harris,0.3910000000000005
2024-08-11,DataDiary,Trump,0.6089999999999995
2024-08-12,DataDiary,Harris,0.4018000000000001
2024-08-12,DataDiary,Trump,0.5981999999999998
2024-08-13,DataDiary,Harris,0.4214000000000004
2024-08-13,DataDiary,Trump,0.5785999999999996
2024-08-14,DataDiary,Harris,0.41659999999999975
2024-08-14,DataDiary,Trump,0.5834000000000003
2024-08-15,DataDiary,Harris,0.4216999999999992
2024-08-15,DataDiary,Trump,0.5783000000000008
2024-08-16,DataDiary,Harris,0.4353999999999992
2024-08-16,DataDiary,Trump,0.5646000000000009
2024-08-17,DataDiary,Harris,0.4108
2024-08-17,DataDiary,Trump,0.5892
2024-08-18,DataDiary,Harris,0.4192
2024-08-18,DataDiary,Trump,0.5808
2024-08-19,DataDiary,Harris,0.42469999999999936
2024-08-19,DataDiary,Trump,0.5753000000000006
2024-08-20,DataDiary,Harris,0.4494000000000016
2024-08-20,DataDiary,Trump,0.5505999999999984
2024-08-21,DataDiary,Harris,0.44919999999999993
2024-08-21,DataDiary,Trump,0.5508000000000001
2024-08-22,DataDiary,Harris,0.4492999999999997
2024-08-22,DataDiary,Trump,0.5507000000000003
2024-08-23,DataDiary,Harris,0.4740000000000001
2024-08-23,DataDiary,Trump,0.5259999999999999
2024-08-24,DataDiary,Harris,0.46599999999999986
2024-08-24,DataDiary,Trump,0.5340000000000001
2024-08-25,DataDiary,Harris,0.46550000000000025
2024-08-25,DataDiary,Trump,0.5344999999999998
2024-08-26,DataDiary,Harris,0.4571999999999998
2024-08-26,DataDiary,Trump,0.5428000000000002
2024-08-27,DataDiary,Harris,0.4725
2024-08-27,DataDiary,Trump,0.5275000000000001
2024-08-28,DataDiary,Harris,0.4672000000000003
2024-08-28,DataDiary,Trump,0.5327999999999997
2024-08-29,DataDiary,Harris,0.4745000000000003
2024-08-29,DataDiary,Trump,0.5254999999999996
2024-08-30,DataDiary,Harris,0.48309999999999975
2024-08-30,DataDiary,Trump,0.5169000000000002
2024-08-31,DataDiary,Harris,0.4613
2024-08-31,DataDiary,Trump,0.5387
2024-09-01,DataDiary,Harris,0.47150000000000025
2024-09-01,DataDiary,Trump,0.5284999999999997
2024-09-02,DataDiary,Harris,0.4625999999999999
2024-09-02,DataDiary,Trump,0.5374000000000001
2024-09-03,DataDiary,Harris,0.46939999999999976
2024-09-03,DataDiary,Trump,0.5306000000000002
2024-09-04,DataDiary,Harris,0.4715000000000002
2024-09-04,DataDiary,Trump,0.5284999999999997
2024-09-05,DataDiary,Harris,0.4565999999999996
2024-09-05,DataDiary,Trump,0.5434000000000003
2024-09-06,DataDiary,Harris,0.4459999999999999
2024-09-06,DataDiary,Trump,0.554
2024-09-07,DataDiary,Harris,0.46700000000000047
2024-09-07,DataDiary,Trump,0.5329999999999995
2024-09-08,DataDiary,Harris,0.46669999999999984
2024-09-08,DataDiary,Trump,0.5333000000000001
2024-09-09,DataDiary,Harris,0.4437000000000002
2024-09-09,DataDiary,Trump,0.5562999999999998
2024-09-10,DataDiary,Harris,0.4561000000000005
2024-09-10,DataDiary,Trump,0.5438999999999995
2024-09-11,DataDiary,Harris,0.4593000000000008
2024-09-11,DataDiary,Trump,0.5406999999999992
2024-09-12,DataDiary,Harris,0.45989999999999986
2024-09-12,DataDiary,Trump,0.5401000000000001
2024-09-13,DataDiary,Harris,0.4756
2024-09-13,DataDiary,Trump,0.5244
2024-09-14,DataDiary,Harris,0.4915
2024-09-14,DataDiary,Trump,0.5085
2024-09-15,DataDiary,Harris,0.4737999999999999
2024-09-15,DataDiary,Trump,0.5262000000000001
2024-09-16,DataDiary,Harris,0.48009999999999986
2024-09-16,DataDiary,Trump,0.5199000000000001
2024-09-17,DataDiary,Harris,0.5175999999999996
2024-09-17,DataDiary,Trump,0.4824000000000004
2024-09-18,DataDiary,Harris,0.5241999999999997
2024-09-18,DataDiary,Trump,0.47580000000000033
2024-09-19,DataDiary,Harris,0.4884000000000006
2024-09-19,DataDiary,Trump,0.5115999999999994
2024-09-20,DataDiary,Harris,0.5179999999999995
2024-09-20,DataDiary,Trump,0.48200000000000054
2024-09-21,DataDiary,Harris,0.5092000000000001
2024-09-21,DataDiary,Trump,0.4907999999999999
2024-09-22,DataDiary,Harris,0.5097999999999999
2024-09-22,DataDiary,Trump,0.4902000000000001
2024-09-23,DataDiary,Harris,0.5199000000000001
2024-09-23,DataDiary,Trump,0.48009999999999986
2024-09-24,DataDiary,Harris,0.5292000000000002
2024-09-24,DataDiary,Trump,0.4707999999999998
2024-09-25,DataDiary,Harris,0.5113000000000006
2024-09-25,DataDiary,Trump,0.48869999999999936
2024-09-26,DataDiary,Harris,0.5056999999999998
2024-09-26,DataDiary,Trump,0.4943000000000002
2024-09-27,DataDiary,Harris,0.527
2024-09-27,DataDiary,Trump,0.473
2024-09-28,DataDiary,Harris,0.5361
2024-09-28,DataDiary,Trump,0.4639
2024-09-29,DataDiary,Harris,0.5318999999999998
2024-09-29,DataDiary,Trump,0.4681000000000002
2024-09-30,DataDiary,Harris,0.5251999999999996
2024-09-30,DataDiary,Trump,0.47480000000000044
2024-10-01,DataDiary,Harris,0.5200000000000001
2024-10-01,DataDiary,Trump,0.47999999999999987
2024-10-02,DataDiary,Harris,0.5137999999999983
2024-10-02,DataDiary,Trump,0.48620000000000174
2024-10-03,DataDiary,Harris,0.5162999999999998
2024-10-03,DataDiary,Trump,0.48370000000000024
2024-10-04,DataDiary,Harris,0.49330000000000046
2024-10-04,DataDiary,Trump,0.5066999999999995
2024-10-05,DataDiary,Harris,0.4835000000000004
2024-10-05,DataDiary,Trump,0.5164999999999996
2024-10-06,DataDiary,Harris,0.4833999999999994
2024-10-06,DataDiary,Trump,0.5166000000000006
2024-10-07,DataDiary,Harris,0.4899000000000001
2024-10-07,DataDiary,Trump,0.5100999999999999
2024-10-08,DataDiary,Harris,0.5081000000000007
2024-10-08,DataDiary,Trump,0.49189999999999934
2024-10-09,DataDiary,Harris,0.5089999999999998
2024-10-09,DataDiary,Trump,0.4910000000000002
2024-10-10,DataDiary,Harris,0.4920999999999995
2024-10-10,DataDiary,Trump,0.5079000000000005
2024-05-31,PEC,Harris,0.015439330589880784
2024-05-31,PEC,Trump,0.9845606694101192
2024-06-04,PEC,Harris,0.02378935794919923
2024-06-04,PEC,Trump,0.9762106420508008
2024-06-06,PEC,Harris,0.010240141566241534
2024-06-06,PEC,Trump,0.9897598584337585
2024-06-07,PEC,Harris,0.011152284108835953
2024-06-07,PEC,Trump,0.988847715891164
2024-06-13,PEC,Harris,0.0339325292175654
2024-06-13,PEC,Trump,0.9660674707824346
2024-06-15,PEC,Harris,0.023546144489759224
2024-06-15,PEC,Trump,0.9764538555102408
2024-06-18,PEC,Harris,0.018357050399758768
2024-06-18,PEC,Trump,0.9816429496002412
2024-06-19,PEC,Harris,0.019932858831952505
2024-06-19,PEC,Trump,0.9800671411680475
2024-06-21,PEC,Harris,0.01638214937150695
2024-06-21,PEC,Trump,0.983617850628493
2024-06-22,PEC,Harris,0.015766262073108495
2024-06-22,PEC,Trump,0.9842337379268915
2024-06-25,PEC,Harris,0.015766262073108495
2024-06-25,PEC,Trump,0.9842337379268915
2024-06-26,PEC,Harris,0.015331200376992205
2024-06-26,PEC,Trump,0.9846687996230078
2024-06-27,PEC,Harris,0.015252573787028267
2024-06-27,PEC,Trump,0.9847474262129717
2024-06-28,PEC,Harris,0.012104627544987978
2024-06-28,PEC,Trump,0.987895372455012
2024-06-29,PEC,Harris,0.009165642597605883
2024-06-29,PEC,Trump,0.9908343574023941
2024-06-30,PEC,Harris,0.00970656083874255
2024-06-30,PEC,Trump,0.9902934391612574
2024-07-01,PEC,Harris,0.0064028337308683625
2024-07-01,PEC,Trump,0.9935971662691316
2024-07-02,PEC,Harris,0.005516338521591613
2024-07-02,PEC,Trump,0.9944836614784084
2024-07-03,PEC,Harris,0.004767176518849947
2024-07-03,PEC,Trump,0.99523282348115
2024-07-04,PEC,Harris,0.004626531252616584
2024-07-04,PEC,Trump,0.9953734687473834
2024-07-07,PEC,Harris,0.010528917449115882
2024-07-07,PEC,Trump,0.9894710825508841
2024-07-08,PEC,Harris,0.00912337345697456
2024-07-08,PEC,Trump,0.9908766265430254
2024-07-09,PEC,Harris,0.0023652081934871783
2024-07-09,PEC,Trump,0.9976347918065128
2024-07-10,PEC,Harris,0.002484487763246279
2024-07-10,PEC,Trump,0.9975155122367537
2024-07-13,PEC,Harris,0.0023652081934871783
2024-07-13,PEC,Trump,0.9976347918065128
2024-07-16,PEC,Harris,0.0031199347724333304
2024-07-16,PEC,Trump,0.9968800652275667
2024-07-17,PEC,Harris,0.0028953212995529443
2024-07-17,PEC,Trump,0.9971046787004471
2024-07-18,PEC,Harris,0.004007743597788438
2024-07-18,PEC,Trump,0.9959922564022116
2024-07-19,PEC,Harris,0.003770075992473809
2024-07-19,PEC,Trump,0.9962299240075262
2024-07-20,PEC,Harris,0.0035348736583463714
2024-07-20,PEC,Trump,0.9964651263416536
2024-07-22,PEC,Harris,0.002181441106273052
2024-07-22,PEC,Trump,0.997818558893727
2024-07-23,PEC,Harris,0.0018608254246282874
2024-07-23,PEC,Trump,0.9981391745753717
2024-07-24,PEC,Harris,0.0023423962608914994
2024-07-24,PEC,Trump,0.9976576037391085
2024-07-25,PEC,Harris,0.0025695389267069713
2024-07-25,PEC,Trump,0.997430461073293
2024-07-26,PEC,Harris,0.0021533899030218295
2024-07-26,PEC,Trump,0.9978466100969782
2024-07-28,PEC,Harris,0.003318451226303254
2024-07-28,PEC,Trump,0.9966815487736967
2024-07-29,PEC,Harris,0.007034444394539596
2024-07-29,PEC,Trump,0.9929655556054604
2024-07-30,PEC,Harris,0.007668495891205662
2024-07-30,PEC,Trump,0.9923315041087943
2024-07-31,PEC,Harris,0.02008115622067219
2024-07-31,PEC,Trump,0.9799188437793278
2024-08-01,PEC,Harris,0.06603316229578993
2024-08-01,PEC,Trump,0.9339668377042101
2024-08-02,PEC,Harris,0.06235850725781378
2024-08-02,PEC,Trump,0.9376414927421862
2024-08-03,PEC,Harris,0.06801095470986318
2024-08-03,PEC,Trump,0.9319890452901368
2024-08-04,PEC,Harris,0.06796173295096719
2024-08-04,PEC,Trump,0.9320382670490328
2024-08-05,PEC,Harris,0.06967644180198274
2024-08-05,PEC,Trump,0.9303235581980173
2024-08-06,PEC,Harris,0.11836942763729064
2024-08-06,PEC,Trump,0.8816305723627094
2024-08-07,PEC,Harris,0.16463939112035986
2024-08-07,PEC,Trump,0.8353606088796401
2024-08-08,PEC,Harris,0.16799098551442193
2024-08-08,PEC,Trump,0.8320090144855781
2024-08-09,PEC,Harris,0.18971546911618498
2024-08-09,PEC,Trump,0.810284530883815
2024-08-10,PEC,Harris,0.19366437331151354
2024-08-10,PEC,Trump,0.8063356266884865
2024-08-11,PEC,Harris,0.1928265436333334
2024-08-11,PEC,Trump,0.8071734563666666
2024-08-12,PEC,Harris,0.23544224394227065
2024-08-12,PEC,Trump,0.7645577560577294
2024-08-13,PEC,Harris,0.2938732588958226
2024-08-13,PEC,Trump,0.7061267411041774
2024-08-14,PEC,Harris,0.4544213352845171
2024-08-14,PEC,Trump,0.5455786647154829
2024-08-15,PEC,Harris,0.46349244282257995
2024-08-15,PEC,Trump,0.53650755717742
2024-08-16,PEC,Harris,0.4060156807458686
2024-08-16,PEC,Trump,0.5939843192541314
2024-08-17,PEC,Harris,0.40226222715333015
2024-08-17,PEC,Trump,0.5977377728466698
2024-08-19,PEC,Harris,0.44567565551801547
2024-08-19,PEC,Trump,0.5543243444819845
2024-08-20,PEC,Harris,0.3433007884490187
2024-08-20,PEC,Trump,0.6566992115509813
2024-08-21,PEC,Harris,0.3256823816872819
2024-08-21,PEC,Trump,0.6743176183127181
2024-08-22,PEC,Harris,0.3717220886351986
2024-08-22,PEC,Trump,0.6282779113648014
2024-08-23,PEC,Harris,0.39750158229015664
2024-08-23,PEC,Trump,0.6024984177098434
2024-08-25,PEC,Harris,0.34310787969482914
2024-08-25,PEC,Trump,0.6568921203051709
2024-08-26,PEC,Harris,0.3559379948676218
2024-08-26,PEC,Trump,0.6440620051323782
2024-08-27,PEC,Harris,0.37390657250317083
2024-08-27,PEC,Trump,0.6260934274968292
2024-08-28,PEC,Harris,0.3544582756401379
2024-08-28,PEC,Trump,0.6455417243598621
2024-08-29,PEC,Harris,0.5476277239707439
2024-08-29,PEC,Trump,0.45237227602925606
2024-08-30,PEC,Harris,0.6247925787618025
2024-08-30,PEC,Trump,0.3752074212381975
2024-08-31,PEC,Harris,0.5534085522642774
2024-08-31,PEC,Trump,0.44659144773572257
2024-09-01,PEC,Harris,0.5143518926195129
2024-09-01,PEC,Trump,0.48564810738048714
2024-09-02,PEC,Harris,0.5158164566183865
2024-09-02,PEC,Trump,0.48418354338161357
2024-09-03,PEC,Harris,0.5260660325182247
2024-09-03,PEC,Trump,0.4739339674817753
2024-09-04,PEC,Harris,0.5023400042818882
2024-09-04,PEC,Trump,0.49765999571811187
2024-09-05,PEC,Harris,0.48488759855999775
2024-09-05,PEC,Trump,0.5151124014400023
2024-09-06,PEC,Harris,0.42042657409740214
2024-09-06,PEC,Trump,0.5795734259025979
2024-09-08,PEC,Harris,0.4692975773255831
2024-09-08,PEC,Trump,0.5307024226744169
2024-09-09,PEC,Harris,0.434466784447299
2024-09-09,PEC,Trump,0.565533215552701
2024-09-10,PEC,Harris,0.45898210913160964
2024-09-10,PEC,Trump,0.5410178908683904
2024-09-11,PEC,Harris,0.45732978997819773
2024-09-11,PEC,Trump,0.5426702100218023
2024-09-12,PEC,Harris,0.4498800681759543
2024-09-12,PEC,Trump,0.5501199318240457
2024-09-13,PEC,Harris,0.49733151601450964
2024-09-13,PEC,Trump,0.5026684839854904
2024-09-14,PEC,Harris,0.48539415716493806
2024-09-14,PEC,Trump,0.5146058428350619
2024-09-15,PEC,Harris,0.4641994763515723
2024-09-15,PEC,Trump,0.5358005236484277
2024-09-16,PEC,Harris,0.47437193734134486
2024-09-16,PEC,Trump,0.5256280626586551
2024-09-17,PEC,Harris,0.4793024797502293
2024-09-17,PEC,Trump,0.5206975202497707
2024-09-18,PEC,Harris,0.4738053576273964
2024-09-18,PEC,Trump,0.5261946423726036
2024-09-19,PEC,Harris,0.5009696248796363
2024-09-19,PEC,Trump,0.4990303751203637
2024-09-20,PEC,Harris,0.693614688780308
2024-09-20,PEC,Trump,0.30638531121969204
2024-09-21,PEC,Harris,0.7218255802106921
2024-09-21,PEC,Trump,0.2781744197893079
2024-09-22,PEC,Harris,0.6431564879136946
2024-09-22,PEC,Trump,0.3568435120863054
2024-09-23,PEC,Harris,0.5516242646560999
2024-09-23,PEC,Trump,0.4483757353439001
2024-09-24,PEC,Harris,0.48603513393264164
2024-09-24,PEC,Trump,0.5139648660673584
2024-09-25,PEC,Harris,0.5697781256249534
2024-09-25,PEC,Trump,0.4302218743750465
2024-09-26,PEC,Harris,0.6186534800626813
2024-09-26,PEC,Trump,0.3813465199373187
2024-09-27,PEC,Harris,0.6695334007645166
2024-09-27,PEC,Trump,0.3304665992354834
2024-09-28,PEC,Harris,0.6605567600403676
2024-09-28,PEC,Trump,0.33944323995963244
2024-09-29,PEC,Harris,0.7004956783865952
2024-09-29,PEC,Trump,0.2995043216134048
2024-09-30,PEC,Harris,0.6009033699630737
2024-09-30,PEC,Trump,0.3990966300369263
2024-10-01,PEC,Harris,0.5980182378357648
2024-10-01,PEC,Trump,0.40198176216423515
2024-10-02,PEC,Harris,0.5083215722882131
2024-10-02,PEC,Trump,0.491678427711787
2024-10-03,PEC,Harris,0.4474552136382447
2024-10-03,PEC,Trump,0.5525447863617553
2024-10-04,PEC,Harris,0.5384704091515633
2024-10-04,PEC,Trump,0.4615295908484367
2024-10-05,PEC,Harris,0.5208415714571819
2024-10-05,PEC,Trump,0.47915842854281804
2024-10-06,PEC,Harris,0.49222013939408726
2024-10-06,PEC,Trump,0.5077798606059127
2024-10-07,PEC,Harris,0.49225532670173233
2024-10-07,PEC,Trump,0.5077446732982677
2024-10-08,PEC,Harris,0.575614592809476
2024-10-08,PEC,Trump,0.424385407190524
2024-10-09,PEC,Harris,0.5825019438687042
2024-10-09,PEC,Trump,0.41749805613129576
2024-10-10,PEC,Harris,0.4192086389985483
2024-10-10,PEC,Trump,0.5807913610014517
